variable,stage,state_type,defined_by_formula_id,source_v4_line,observable,notes
B_eff,magnetic,derived,V5_0001,477,no,
C_feed,tower_mill,derived,V5_0002,1301,no,
C_feed_in,tower_mill,derived,V5_0003,1291,no,
C_i,boundary,derived,V5_0004,317,no,
C_mill,tower_mill,derived,V5_0005,1359,no,
C_mixed,boundary,derived,V5_0006,383,no,
C_under,flotation,derived,V5_0007,727,no,
C_under_s,flotation,derived,V5_0008,1456,no,
C_under_sp,flotation,setpoint,V5_0009,726,no,
C_under_sp_s,flotation,derived,V5_0010,1455,no,
Ca2_effect,flotation,derived,V5_0011,813,no,
Ca2_effect_s,flotation,derived,V5_0012,1526,no,
DeltaP_blower_Pa_b,flotation,derived,V5_0013,1550,no,
E_Ca2_carb,flotation,derived,V5_0014,818,no,
E_Ca2_sil,flotation,derived,V5_0015,817,no,
E_air,flotation,derived,V5_0016,925,no,
"E_air_{s,c}",flotation,derived,V5_0017,1595,no,
E_collector,flotation,derived,V5_0018,922,no,
"E_collector_{s,c}",flotation,derived,V5_0019,1592,no,
E_density,flotation,derived,V5_0020,926,no,
"E_density_{s,c}",flotation,derived,V5_0021,1596,no,
E_depressant,flotation,derived,V5_0022,923,no,
"E_depressant_{s,c}",flotation,derived,V5_0023,1593,no,
E_level,magnetic,derived,V5_0024,523,no,
E_lib_g,flotation,derived,V5_0025,928,no,
"E_lib_g_{s,c}",flotation,derived,V5_0026,1598,no,
E_mu,flotation,derived,V5_0027,929,no,
"E_mu_{s,c}",flotation,derived,V5_0028,1599,no,
E_pH,flotation,derived,V5_0029,924,no,
"E_pH_{s,c}",flotation,derived,V5_0030,1594,no,
E_pulse,magnetic,derived,V5_0031,521,no,
E_ring,magnetic,derived,V5_0032,522,no,
E_size,flotation,derived,V5_0033,927,no,
"E_size_{s,c}",flotation,derived,V5_0034,1597,no,
E_spec,tower_mill,derived,V5_0035,1373,no,
Entr,magnetic,derived,V5_0036,524,no,
F200_i,boundary,derived,V5_0037,332,no,
F200_mixed,boundary,derived,V5_0038,406,no,
F325_discharge,tower_mill,derived,V5_0039,1379,no,
F325_discharge_inst,tower_mill,derived,V5_0040,1374,no,
F325_feed,tower_mill,derived,V5_0041,1302,no,
F325_feed_in,tower_mill,derived,V5_0042,1292,no,
F325_i,boundary,derived,V5_0043,333,no,
F325_mixed,boundary,derived,V5_0044,407,no,
F325_overflow,tower_mill,derived,V5_0045,1345,no,
F325_sand,tower_mill,derived,V5_0046,1348,no,
FeO_proxy_i,boundary,derived,V5_0047,346,no,
Fe_carb_i,boundary,derived,V5_0048,343,no,
Fe_hem_i,boundary,derived,V5_0049,342,no,
Fe_mag_i,boundary,derived,V5_0050,341,no,
Fe_sil_i,boundary,derived,V5_0051,344,no,
Fe_total,global,derived,V5_0052,177,no,
Fe_total_i,boundary,derived,V5_0053,340,no,
Gangue_i,boundary,derived,V5_0054,345,no,
I_NT,flotation,equipment_signal,V5_0055,731,no,
I_NT_s,flotation,equipment_signal,V5_0056,1465,no,
I_blower_phys_b,flotation,equipment_signal,V5_0057,1552,no,
"I_cell_motor_phys_{s,c}",flotation,equipment_signal,V5_0058,1656,no,
"I_drug_j_phys_{s,j}",flotation,equipment_signal,V5_0059,1501,no,
I_exc,magnetic,equipment_signal,V5_0060,1215,no,
I_exc_sp,magnetic,setpoint,V5_0061,1214,no,
"I_mixer_phys_{s,k}",flotation,equipment_signal,V5_0062,1651,no,
I_ov_pump_phys,tower_mill,physical_signal,V5_0063,1404,no,
"I_pool_phys_{s,k}",flotation,equipment_signal,V5_0064,1641,no,
I_pump,tower_mill,equipment_signal,V5_0065,575,no,
I_pump_phys,tower_mill,physical_signal,V5_0066,1317,no,
I_ring_motor_phys,magnetic,physical_signal,V5_0067,1264,no,
I_tm,tower_mill,equipment_signal,V5_0068,650,no,
I_tm_phys,tower_mill,physical_signal,V5_0069,1371,no,
L_NT,flotation,state,V5_0070,725,no,
L_NT_s,flotation,state,V5_0071,1453,no,
L_cell_aerated,flotation,state,V5_0072,889,no,
"L_cell_aerated_{s,c}",flotation,state,V5_0073,1561,no,
Liberation_fe_discharge,tower_mill,derived,V5_0074,1380,no,
Liberation_fe_discharge_inst,tower_mill,derived,V5_0075,1375,no,
Liberation_fe_feed,tower_mill,derived,V5_0076,1303,no,
Liberation_fe_feed_in,tower_mill,derived,V5_0077,1293,no,
Liberation_fe_i,boundary,derived,V5_0078,361,no,
Liberation_fe_mixed,boundary,derived,V5_0079,409,no,
Liberation_fe_overflow,tower_mill,derived,V5_0080,1346,no,
Liberation_fe_sand,tower_mill,derived,V5_0081,1349,no,
Liberation_gangue_discharge,tower_mill,derived,V5_0082,1381,no,
Liberation_gangue_discharge_inst,tower_mill,derived,V5_0083,1376,no,
Liberation_gangue_feed,tower_mill,derived,V5_0084,1304,no,
Liberation_gangue_feed_in,tower_mill,derived,V5_0085,1294,no,
Liberation_gangue_i,boundary,derived,V5_0086,368,no,
Liberation_gangue_mixed,boundary,derived,V5_0087,410,no,
Liberation_gangue_overflow,tower_mill,derived,V5_0088,1347,no,
Liberation_gangue_sand,tower_mill,derived,V5_0089,1350,no,
MC1_FET503_AI,tower_mill,dcs,V5_0090,1416,yes,
MC1_TM204_HDZC_1_WD_AI,tower_mill,dcs,V5_0091,1423,yes,
MC1_TM204_ZDJ_DZ_A_WD_AI,tower_mill,dcs,V5_0092,1425,yes,
MC1_TM206_HDZC_2_WD_AI,tower_mill,dcs,V5_0093,1424,yes,
MC1_TM206_ZDJ_DZ_B_WD_AI,tower_mill,dcs,V5_0094,1426,yes,
M_NT_in_solid_s,flotation,state,V5_0095,1447,no,
M_NT_in_water_s,flotation,state,V5_0096,1448,no,
M_NT_under_solid_s,flotation,state,V5_0097,1462,no,
M_NT_under_water_s,flotation,state,V5_0098,1463,no,
M_cell_j,flotation,state,V5_0099,948,no,
"M_cell_j_{s,c}",flotation,state,V5_0100,1615,no,
M_conc_solid,magnetic,state,V5_0101,1239,no,
M_feed_sp,flotation,setpoint,V5_0102,1622,no,
M_mill_water_in,tower_mill,state,V5_0103,1358,no,
M_overflow,tower_mill,state,V5_0104,1343,no,
M_overflow_solid,tower_mill,state,V5_0105,603,no,
M_overflow_water,tower_mill,state,V5_0106,607,no,
M_sand,tower_mill,state,V5_0107,1335,no,
M_sand_solid,tower_mill,state,V5_0108,604,no,
M_sand_water,tower_mill,state,V5_0109,608,no,
M_solid,global,state,V5_0110,178,no,
M_solid_i,boundary,state,V5_0111,318,no,
M_solid_mixed,boundary,state,V5_0112,380,no,
M_tm_overflow_solid,tower_mill,state,V5_0113,1333,no,
M_tm_overflow_water,tower_mill,state,V5_0114,1337,no,
M_tm_sand_solid,tower_mill,state,V5_0115,1334,no,
M_tm_sand_water,tower_mill,state,V5_0116,1338,no,
M_water,global,state,V5_0117,199,no,
M_water_i,boundary,state,V5_0118,319,no,
M_water_mixed,boundary,state,V5_0119,381,no,
M_wet,global,state,V5_0120,198,no,
M_wet_i,boundary,state,V5_0121,316,no,
M_wet_mixed,boundary,state,V5_0122,382,no,
N_flush_open,magnetic,derived,V5_0123,1255,no,
OH_effect,flotation,derived,V5_0124,812,no,
OH_effect_s,flotation,derived,V5_0125,1525,no,
P_aux_series1,flotation,equipment_signal,V5_0126,1670,no,
P_aux_series2,flotation,equipment_signal,V5_0127,1671,no,
P_blower_curve_b,flotation,equipment_signal,V5_0128,1546,no,
P_blower_power_b,flotation,equipment_signal,V5_0129,1660,no,
P_blower_power_total,flotation,equipment_signal,V5_0130,1661,no,
P_blower_pressure_b,flotation,equipment_signal,V5_0131,1549,no,
P_blower_shaft_kW_b,flotation,equipment_signal,V5_0132,1551,no,
"P_cell_motor_{s,c}",flotation,equipment_signal,V5_0133,1657,no,
"P_cell_{s,c}",flotation,equipment_signal,V5_0134,1554,no,
P_coil_loss,magnetic,equipment_signal,V5_0135,1219,no,
P_cyc,tower_mill,equipment_signal,V5_0136,1316,no,
P_cyc_lag,tower_mill,equipment_signal,V5_0137,1312,no,
"P_drug_pump_{s,j}",flotation,equipment_signal,V5_0138,1659,no,
P_flush_phys,magnetic,physical_signal,V5_0139,1263,no,
P_header,flotation,equipment_signal,V5_0140,1548,no,
P_header_sp,flotation,setpoint,V5_0141,1537,no,
P_header_ss,flotation,equipment_signal,V5_0142,1547,no,
P_mech,tower_mill,equipment_signal,V5_0143,1370,no,
P_mech_ss,tower_mill,equipment_signal,V5_0144,1369,no,
"P_pool_pump_{s,k}",flotation,equipment_signal,V5_0145,1658,no,
P_series1,flotation,equipment_signal,V5_0146,1672,no,
P_series2,flotation,equipment_signal,V5_0147,1673,no,
Q_NT_in_s,flotation,flow,V5_0148,1446,no,
Q_NT_under_s,flotation,flow,V5_0149,1461,no,
Q_air,flotation,flow,V5_0150,848,no,
Q_air_sp,flotation,setpoint,V5_0151,838,no,
"Q_air_sp_{s,c}",flotation,flow,V5_0152,1535,no,
Q_air_total,flotation,flow,V5_0153,1538,no,
"Q_air_{s,c}",flotation,flow,V5_0154,1557,no,
Q_blower_b,flotation,flow,V5_0155,1543,no,
Q_conc,magnetic,flow,V5_0156,1241,no,
Q_conc_water,magnetic,flow,V5_0157,1240,no,
Q_cooling_water,magnetic,flow,V5_0158,1220,no,
Q_feed_meter_phys,flotation,physical_signal,V5_0159,1623,no,
Q_feed_s1_total,flotation,flow,V5_0160,1625,no,
Q_feed_s2_total,flotation,flow,V5_0161,1626,no,
Q_flush,magnetic,flow,V5_0162,1262,no,
Q_froth_cell,flotation,flow,V5_0163,895,no,
"Q_froth_cell_{s,c}",flotation,flow,V5_0164,1619,no,
Q_ft_s1_1701_phys,flotation,physical_signal,V5_0165,1629,no,
Q_ft_s1_1702_phys,flotation,physical_signal,V5_0166,1630,no,
Q_ft_s2_2701_phys,flotation,physical_signal,V5_0167,1631,no,
Q_ft_s2_2702_phys,flotation,physical_signal,V5_0168,1632,no,
"Q_in_cell_{s,cx1}",flotation,flow,V5_0169,1574,no,
"Q_in_cell_{s,cx2}",flotation,flow,V5_0170,1575,no,
"Q_in_cell_{s,cx3}",flotation,flow,V5_0171,1576,no,
"Q_in_cell_{s,jx}",flotation,flow,V5_0172,1577,no,
"Q_in_cell_{s,sx1}",flotation,flow,V5_0173,1578,no,
"Q_in_cell_{s,sx2}",flotation,flow,V5_0174,1579,no,
"Q_in_cell_{s,sx3}",flotation,flow,V5_0175,1580,no,
"Q_in_pool_{s,1}",flotation,flow,V5_0176,1634,no,
"Q_in_pool_{s,2}",flotation,flow,V5_0177,1635,no,
"Q_in_pool_{s,3}",flotation,flow,V5_0178,1636,no,
Q_j_ml_s,flotation,flow,V5_0179,785,no,
Q_k6_consumption_s,flotation,flow,V5_0180,1511,no,
Q_k6_refill_s,flotation,flow,V5_0181,1513,no,
Q_out_cell,flotation,flow,V5_0182,892,no,
"Q_out_cell_{s,c}",flotation,flow,V5_0183,1584,no,
Q_out_solid,flotation,flow,V5_0184,943,no,
"Q_out_solid_{s,c}",flotation,flow,V5_0185,1610,no,
Q_ov_pump,tower_mill,flow,V5_0186,1403,no,
Q_overflow,tower_mill,flow,V5_0187,1339,no,
Q_pump,tower_mill,flow,V5_0188,1315,no,
"Q_pump_pool_{s,k}",flotation,flow,V5_0189,1640,no,
Q_sand_water_phys,tower_mill,physical_signal,V5_0190,1326,no,
Q_tail,magnetic,flow,V5_0191,1252,no,
Q_tail_1,magnetic,flow,V5_0192,1250,no,
Q_tail_2,magnetic,flow,V5_0193,1251,no,
Q_tm_overflow,tower_mill,flow,V5_0194,1341,no,
Q_water_phys,tower_mill,physical_signal,V5_0195,1321,no,
"Q_{s,j}_ml_s",flotation,flow,V5_0196,1500,no,
R_coil,magnetic,derived,V5_0197,1217,no,
R_froth_zone,flotation,derived,V5_0198,938,no,
"R_froth_zone_{s,c}",flotation,derived,V5_0199,1588,no,
R_hm_j,magnetic,derived,V5_0200,533,no,
R_j,flotation,derived,V5_0201,944,no,
"R_j_{s,c}",flotation,derived,V5_0202,1611,no,
Stream,global,derived,V5_0203,159,no,
TFe,global,derived,V5_0204,179,no,
TFe_i,boundary,derived,V5_0205,320,no,
TFe_mixed,boundary,derived,V5_0206,395,no,
T_NT_in_s,flotation,state,V5_0207,1449,no,
T_bearing1,tower_mill,state,V5_0208,1394,no,
T_bearing2,tower_mill,state,V5_0209,1395,no,
T_coil,magnetic,state,V5_0210,1222,no,
T_coil_ss,magnetic,state,V5_0211,1221,no,
T_oil,tower_mill,state,V5_0212,1392,no,
T_oil_out,tower_mill,state,V5_0213,1393,no,
T_oil_ss,tower_mill,state,V5_0214,1391,no,
T_slurry_discharge,tower_mill,state,V5_0215,1382,no,
T_slurry_discharge_inst,tower_mill,state,V5_0216,1378,no,
T_slurry_feed,tower_mill,state,V5_0217,1306,no,
T_slurry_feed_in,tower_mill,state,V5_0218,1296,no,
T_slurry_i,boundary,state,V5_0219,374,no,
T_slurry_mixed,boundary,state,V5_0220,411,no,
T_slurry_overflow,tower_mill,state,V5_0221,1351,no,
T_slurry_sand,tower_mill,state,V5_0222,1353,no,
T_stator_A,tower_mill,state,V5_0223,1398,no,
T_stator_A_ss,tower_mill,state,V5_0224,1396,no,
T_stator_B,tower_mill,state,V5_0225,1399,no,
T_stator_B_ss,tower_mill,state,V5_0226,1397,no,
"T_tank_ss_{s,k}",flotation,state,V5_0227,1653,no,
"T_tank_{s,k}",flotation,state,V5_0228,1654,no,
T_tm_overflow,tower_mill,state,V5_0229,1352,no,
T_under,flotation,state,V5_0230,729,no,
T_under_s,flotation,state,V5_0231,1458,no,
V_exc_phys,magnetic,physical_signal,V5_0232,1218,no,
V_pulp_actual,flotation,derived,V5_0233,893,no,
"V_pulp_actual_{s,c}",flotation,derived,V5_0234,1585,no,
V_ring_motor_phys,magnetic,physical_signal,V5_0235,1265,no,
V_slurry,global,derived,V5_0236,200,no,
WI_discharge,tower_mill,derived,V5_0237,1383,no,
WI_feed,tower_mill,derived,V5_0238,1305,no,
WI_feed_in,tower_mill,derived,V5_0239,1295,no,
WI_mill,tower_mill,derived,V5_0240,1360,no,
WI_sand,tower_mill,derived,V5_0241,1354,no,
_x_clay_mixed,boundary,derived,V5_0242,388,no,
_x_d1,boundary,derived,V5_0243,417,no,
_x_d3,boundary,derived,V5_0244,419,no,
_x_d3_WI_mixed,boundary,derived,V5_0245,385,no,
_x_d4,boundary,derived,V5_0246,420,no,
_x_m_ball,boundary,derived,V5_0247,421,no,
_x_r_carb_mixed,boundary,derived,V5_0248,391,no,
_x_rho_ball,boundary,derived,V5_0249,422,no,
agg_mag_blowdown_valve,magnetic,dcs,V5_0250,1279,yes,
agg_mag_coil_temp,magnetic,dcs,V5_0251,1273,yes,
agg_mag_excit_current,magnetic,dcs,V5_0252,1271,yes,
agg_mag_excit_voltage,magnetic,dcs,V5_0253,1272,yes,
agg_mag_flush_water_pressure,magnetic,dcs,V5_0254,1280,yes,
agg_mag_level,magnetic,dcs,V5_0255,1276,yes,
agg_mag_motor_current_rc,magnetic,dcs,V5_0256,1281,yes,
agg_mag_motor_voltage_rc,magnetic,dcs,V5_0257,1282,yes,
agg_mag_pulsation_freq,magnetic,dcs,V5_0258,1274,yes,
agg_mag_ring_freq,magnetic,dcs,V5_0259,1275,yes,
agg_mag_tailings_valve1,magnetic,dcs,V5_0260,1277,yes,
agg_mag_tailings_valve2,magnetic,dcs,V5_0261,1278,yes,
agg_tm_cyclone_feed_flow,tower_mill,dcs,V5_0262,1411,yes,
agg_tm_cyclone_feed_pressure,tower_mill,dcs,V5_0263,1410,yes,
agg_tm_cyclone_overflow_pool_level,tower_mill,dcs,V5_0264,1427,yes,
agg_tm_cyclone_pool_level,tower_mill,dcs,V5_0265,1414,yes,
agg_tm_cyclone_pool_valve_setpoint,tower_mill,dcs,V5_0266,1415,yes,
agg_tm_cyclone_pump_current,tower_mill,dcs,V5_0267,1413,yes,
agg_tm_cyclone_pump_freq,tower_mill,dcs,V5_0268,1412,yes,
agg_tm_cyclone_sand_valve_feedback,tower_mill,dcs,V5_0269,1418,yes,
agg_tm_cyclone_sand_valve_setpoint,tower_mill,dcs,V5_0270,1417,yes,
agg_tm_cyclone_sand_water_flow,tower_mill,dcs,V5_0271,1419,yes,
agg_tm_motor_current,tower_mill,dcs,V5_0272,1420,yes,
agg_tm_overflow_pump_current,tower_mill,dcs,V5_0273,1428,yes,
agg_tm_reducer_oil_temp,tower_mill,dcs,V5_0274,1421,yes,
agg_tm_reducer_outlet_temp,tower_mill,dcs,V5_0275,1422,yes,
air_filter_fouling,flotation,derived,V5_0276,1540,no,
alpha_ov,tower_mill,derived,V5_0277,1329,no,
alpha_ov_water,tower_mill,derived,V5_0278,1336,no,
"availability_iin{0,1},i",boundary,derived,V5_0279,315,no,
bed_mass_s,flotation,derived,V5_0280,1464,no,
blower_load_share_b,flotation,derived,V5_0281,1542,no,
blower_power_share1,flotation,derived,V5_0282,1662,no,
blower_power_share2,flotation,derived,V5_0283,1663,no,
blower_speed_b,flotation,derived,V5_0284,1545,no,
blower_speed_sp_b,flotation,derived,V5_0285,1544,no,
buffer_capacity,global,derived,V5_0286,238,no,
buffer_capacity_s,flotation,derived,V5_0287,1519,no,
capture_j,magnetic,derived,V5_0288,518,no,
circulating_load,tower_mill,derived,V5_0289,1357,no,
circulating_load_lag,tower_mill,derived,V5_0290,1323,no,
clog_buildup,magnetic,derived,V5_0291,1224,no,
clog_wash,magnetic,derived,V5_0292,1230,no,
conc_j,magnetic,derived,V5_0293,534,no,
d(air_filter_fouling)/dt,flotation,derivative,V5_0294,1539,no,
d50,tower_mill,derived,V5_0295,1328,no,
dL_cell/dt,flotation,derivative,V5_0296,896,no,
"dL_cell_{s,c}/dt",flotation,derivative,V5_0297,1620,no,
dL_k6_s/dt,flotation,derivative,V5_0298,1510,no,
dL_mag/dt,magnetic,derivative,V5_0299,1242,no,
dL_ov_pool/dt,tower_mill,derivative,V5_0300,1401,no,
dL_pool/dt,tower_mill,derivative,V5_0301,1311,no,
"dL_pool_{s,k}/dt",flotation,derivative,V5_0302,1637,no,
dM_NT_solid/dt,flotation,derivative,V5_0303,723,no,
dM_NT_solid_s/dt,flotation,derivative,V5_0304,1451,no,
dM_cell_j/dt,flotation,derivative,V5_0305,947,no,
"dM_cell_j_{s,c}/dt",flotation,derivative,V5_0306,1614,no,
dV_NT_water/dt,flotation,derivative,V5_0307,724,no,
dV_NT_water_s/dt,flotation,derivative,V5_0308,1452,no,
dWI_i,global,derived,V5_0309,144,no,
dclay_i,global,derived,V5_0310,145,no,
delta_T_mill,tower_mill,derived,V5_0311,1377,no,
dose_DF_K6_effective,flotation,derived,V5_0312,920,no,
dose_DF_K6_effective_s,flotation,derived,V5_0313,1504,no,
dose_TD_effective,flotation,derived,V5_0314,919,no,
dose_TD_effective_s,flotation,derived,V5_0315,1503,no,
dose_j_kg_t,flotation,derived,V5_0316,786,no,
dose_need_DF_K6,flotation,derived,V5_0317,776,no,
dose_need_DF_K6_s,flotation,derived,V5_0318,1493,no,
dose_need_TD_clean,flotation,derived,V5_0319,770,no,
dose_need_TD_clean_s,flotation,derived,V5_0320,1492,no,
dose_need_TD_rough,flotation,derived,V5_0321,762,no,
dose_need_TD_rough_s,flotation,derived,V5_0322,1491,no,
dose_need_cao,flotation,derived,V5_0323,810,no,
dose_need_cao_s,flotation,derived,V5_0324,1522,no,
dose_need_naoh,flotation,derived,V5_0325,809,no,
dose_need_naoh_s,flotation,derived,V5_0326,1521,no,
"dose_need_{s,cao}",flotation,derived,V5_0327,1524,no,
"dose_need_{s,k6_rough}",flotation,derived,V5_0328,1497,no,
"dose_need_{s,naoh}",flotation,derived,V5_0329,1523,no,
"dose_need_{s,td_clean}",flotation,derived,V5_0330,1496,no,
"dose_need_{s,td_rough}",flotation,derived,V5_0331,1495,no,
dr_carb_i,global,derived,V5_0332,146,no,
entrainment_factor,flotation,derived,V5_0333,912,no,
"entrainment_factor_{s,c}",flotation,derived,V5_0334,1600,no,
event_k6_refill_s,flotation,derived,V5_0335,1512,no,
f25_i,boundary,derived,V5_0336,334,no,
f25_mixed,boundary,derived,V5_0337,408,no,
f_j,flotation,derived,V5_0338,784,no,
f_j_sp,flotation,setpoint,V5_0339,783,no,
f_oil_pump,tower_mill,derived,V5_0340,1386,no,
f_oil_pump_sp,tower_mill,setpoint,V5_0341,1385,no,
f_ov_pump_sp,tower_mill,setpoint,V5_0342,1402,no,
"f_pool_sp_{s,k}",flotation,derived,V5_0343,1638,no,
"f_pool_{s,k}",flotation,derived,V5_0344,1639,no,
f_pul,magnetic,derived,V5_0345,1236,no,
f_pul_sp,magnetic,setpoint,V5_0346,1234,no,
f_pump,tower_mill,derived,V5_0347,1314,no,
f_pump_sp,tower_mill,setpoint,V5_0348,1313,no,
f_ring,magnetic,derived,V5_0349,1237,no,
f_ring_sp,magnetic,setpoint,V5_0350,1235,no,
"f_{s,j}",flotation,derived,V5_0351,1499,no,
"f_{s,j}_sp",flotation,setpoint,V5_0352,1498,no,
floatability_difficulty,flotation,derived,V5_0353,1478,no,
froth_error,flotation,derived,V5_0354,755,no,
froth_j,flotation,derived,V5_0355,950,no,
froth_j_rate,flotation,derived,V5_0356,945,no,
"froth_j_rate_{s,c}",flotation,derived,V5_0357,1612,no,
"froth_j_{s,c}",flotation,derived,V5_0358,1616,no,
froth_stability,flotation,derived,V5_0359,858,no,
"froth_stability_{s,c}",flotation,derived,V5_0360,1566,no,
fx_ah5_power,flotation,dcs,V5_0361,1705,yes,
fx_ah6_power,flotation,dcs,V5_0362,1706,yes,
fx_blower{b}_pressure,flotation,dcs,V5_0363,1693,yes,
fx_nt{s}_motor_current,flotation,dcs,V5_0364,1692,yes,
fx_nt{s}_underflow_density,flotation,dcs,V5_0365,1691,yes,
fx_s1_ft1701,flotation,dcs,V5_0366,1694,yes,
fx_s1_ft1702,flotation,dcs,V5_0367,1695,yes,
fx_s2_ft2701,flotation,dcs,V5_0368,1696,yes,
fx_s2_ft2702,flotation,dcs,V5_0369,1697,yes,
fx_s{s}_k6_level,flotation,dcs,V5_0370,1690,yes,
fx_s{s}_ph,flotation,dcs,V5_0371,1689,yes,
fx_s{s}_pool{k}_level,flotation,dcs,V5_0372,1698,yes,
fx_s{s}_pool{k}_pump_curr,flotation,dcs,V5_0373,1700,yes,
fx_s{s}_pool{k}_pump_freq,flotation,dcs,V5_0374,1699,yes,
fx_s{s}_tk{k}_mixer_curr,flotation,dcs,V5_0375,1702,yes,
fx_s{s}_tk{k}_steam_fb,flotation,dcs,V5_0376,1704,yes,
fx_s{s}_tk{k}_steam_sp,flotation,dcs,V5_0377,1703,yes,
fx_s{s}_tk{k}_temp,flotation,dcs,V5_0378,1701,yes,
fx_s{s}_{c}_air_flow,flotation,dcs,V5_0379,1683,yes,
fx_s{s}_{c}_air_sp,flotation,dcs,V5_0380,1684,yes,
fx_s{s}_{c}_bv_pos,flotation,dcs,V5_0381,1685,yes,
fx_s{s}_{c}_level,flotation,dcs,V5_0382,1680,yes,
fx_s{s}_{c}_level_valve_fb,flotation,dcs,V5_0383,1682,yes,
fx_s{s}_{c}_level_valve_sp,flotation,dcs,V5_0384,1681,yes,
fx_s{s}_{c}_motor_curr,flotation,dcs,V5_0385,1686,yes,
fx_s{s}_{drug}_curr,flotation,dcs,V5_0386,1688,yes,
fx_s{s}_{drug}_freq,flotation,dcs,V5_0387,1687,yes,
gas_holdup,flotation,derived,V5_0388,888,no,
"gas_holdup_{s,c}",flotation,derived,V5_0389,1558,no,
grade_cell_j,flotation,derived,V5_0390,942,no,
"grade_cell_j_{s,c}",flotation,derived,V5_0391,1609,no,
grind_difficulty,tower_mill,derived,V5_0392,1363,no,
h_froth,flotation,derived,V5_0393,869,no,
"h_froth_{s,c}",flotation,derived,V5_0394,1568,no,
h_ss,flotation,derived,V5_0395,868,no,
"h_ss_{s,c}",flotation,derived,V5_0396,1567,no,
header_resistance,flotation,derived,V5_0397,1541,no,
hydrophobic_load,flotation,derived,V5_0398,832,no,
"hydrophobic_load_{s,c}",flotation,derived,V5_0399,1534,no,
hydrophobic_potential,global,derived,V5_0400,250,no,
inst_circ_load,tower_mill,derived,V5_0401,1356,no,
k_float_carb,flotation,derived,V5_0402,933,no,
"k_float_carb_{s,c}",flotation,derived,V5_0403,1604,no,
k_float_fe_hem,flotation,derived,V5_0404,935,no,
"k_float_fe_hem_{s,c}",flotation,derived,V5_0405,1606,no,
k_float_fe_mag,flotation,derived,V5_0406,934,no,
"k_float_fe_mag_{s,c}",flotation,derived,V5_0407,1605,no,
k_float_gangue,flotation,derived,V5_0408,931,no,
"k_float_gangue_{s,c}",flotation,derived,V5_0409,1602,no,
k_float_sil,flotation,derived,V5_0410,932,no,
"k_float_sil_{s,c}",flotation,derived,V5_0411,1603,no,
lab_sample,lab,derived,V5_0412,1038,no,
lab_var,lab,derived,V5_0413,1041,no,
lab_{i}_eryi_f200,boundary,derived,V5_0414,433,no,
lab_{i}_eryi_tfe,boundary,derived,V5_0415,432,no,
lip_clearance,flotation,derived,V5_0416,937,no,
"lip_clearance_{s,c}",flotation,derived,V5_0417,1587,no,
magnetic_difficulty,magnetic,derived,V5_0418,1207,no,
matrix_clog,magnetic,derived,V5_0419,1233,no,
"mixer_power_{s,k}",flotation,derived,V5_0420,1652,no,
mu_feed,tower_mill,derived,V5_0421,1309,no,
mu_slurry,global,derived,V5_0422,207,no,
mu_under,flotation,derived,V5_0423,730,no,
mu_under_s,flotation,derived,V5_0424,1459,no,
oil_cooling_flow,tower_mill,derived,V5_0425,1390,no,
oil_flow,tower_mill,derived,V5_0426,1387,no,
online_froth_proxy,dcs,derived,V5_0427,1186,no,
online_load_proxy,dcs,derived,V5_0428,1185,no,
overflow_j,tower_mill,derived,V5_0429,600,no,
pH,flotation,derived,V5_0430,815,no,
pH_s,flotation,derived,V5_0431,1528,no,
pH_sp,flotation,setpoint,V5_0432,802,no,
pH_sp_s,flotation,derived,V5_0433,1520,no,
pH_ss,flotation,derived,V5_0434,814,no,
pH_ss_s,flotation,derived,V5_0435,1527,no,
quality_proxy_s,flotation,derived,V5_0436,1471,no,
"reagent_heat_load_{s,k}",flotation,derived,V5_0437,1650,no,
"reagent_viscosity_{s,j}",flotation,derived,V5_0438,1647,no,
report_time,lab,derived,V5_0439,1039,no,
rho_feed,tower_mill,derived,V5_0440,1308,no,
rho_overflow,tower_mill,derived,V5_0441,1340,no,
rho_slurry,global,derived,V5_0442,201,no,
rho_solid_mix,global,derived,V5_0443,185,no,
rho_solid_mix_i,boundary,derived,V5_0444,348,no,
rho_solid_mix_mixed,boundary,derived,V5_0445,398,no,
rho_tm_overflow,tower_mill,derived,V5_0446,1342,no,
rho_under,flotation,derived,V5_0447,728,no,
rho_under_s,flotation,derived,V5_0448,1457,no,
rougher_feed,flotation,derived,V5_0449,957,no,
sand_j,tower_mill,derived,V5_0450,601,no,
scraper_speed,flotation,derived,V5_0451,854,no,
"scraper_speed_{s,c}",flotation,derived,V5_0452,1563,no,
selectivity_proxy,flotation,derived,V5_0453,756,no,
specific_gravity,magnetic,derived,V5_0454,1249,no,
split_s1_meter1,flotation,derived,V5_0455,1627,no,
split_s1_total,flotation,derived,V5_0456,1624,no,
split_s2_meter1,flotation,derived,V5_0457,1628,no,
split_tail_1,magnetic,derived,V5_0458,1244,no,
sum_cell_power_s1,flotation,derived,V5_0459,1664,no,
sum_cell_power_s2,flotation,derived,V5_0460,1665,no,
sum_drug_power_s1,flotation,derived,V5_0461,1668,no,
sum_drug_power_s2,flotation,derived,V5_0462,1669,no,
sum_pool_power_s1,flotation,derived,V5_0463,1666,no,
sum_pool_power_s2,flotation,derived,V5_0464,1667,no,
tail_j,magnetic,derived,V5_0465,535,no,
tail_j_rate,flotation,derived,V5_0466,946,no,
"tail_j_rate_{s,c}",flotation,derived,V5_0467,1613,no,
"tail_j_{s,c}",flotation,derived,V5_0468,1617,no,
tail_or_conc_j,flotation,derived,V5_0469,951,no,
tau_cyc_pool,tower_mill,derived,V5_0470,1290,no,
tau_stage_h,flotation,derived,V5_0471,894,no,
"tau_stage_h_{s,c}",flotation,derived,V5_0472,1586,no,
u_actual,global,derived,V5_0473,290,no,
u_blowdown_phys,magnetic,physical_signal,V5_0474,1254,no,
u_bv,flotation,derived,V5_0475,847,no,
"u_bv_sp_{s,c}",flotation,derived,V5_0476,1555,no,
"u_bv_{s,c}",flotation,derived,V5_0477,1556,no,
u_flush,magnetic,derived,V5_0478,1261,no,
u_flush_sp,magnetic,setpoint,V5_0479,1256,no,
u_lv_fb,flotation,derived,V5_0480,891,no,
"u_lv_fb_{s,c}",flotation,derived,V5_0481,1583,no,
u_lv_sp,flotation,setpoint,V5_0482,890,no,
"u_lv_sp_{s,c}",flotation,derived,V5_0483,1582,no,
u_oil_cooler,tower_mill,derived,V5_0484,1389,no,
u_oil_cooler_sp,tower_mill,setpoint,V5_0485,1388,no,
u_sand,tower_mill,derived,V5_0486,1325,no,
u_sand_sp,tower_mill,setpoint,V5_0487,1324,no,
u_sp,global,setpoint,V5_0488,282,no,
"u_steam_fb_{s,k}",flotation,derived,V5_0489,1649,no,
"u_steam_sp_{s,k}",flotation,derived,V5_0490,1648,no,
u_tail,magnetic,derived,V5_0491,1247,no,
u_tail_1_sp,magnetic,setpoint,V5_0492,1245,no,
u_tail_2,magnetic,derived,V5_0493,1248,no,
u_tail_2_sp,magnetic,setpoint,V5_0494,1246,no,
u_tail_total_sp,magnetic,setpoint,V5_0495,1243,no,
u_water,tower_mill,derived,V5_0496,1320,no,
u_water_sp,tower_mill,setpoint,V5_0497,1319,no,
x_phys,dcs,physical_signal,V5_0498,1121,no,
y_fx_xin1,system,derived,V5_0499,1111,no,
y_fx_xin_s,flotation,derived,V5_0500,974,no,
y_fx_xin_s_true,flotation,derived,V5_0501,973,no,
dose_TD_s,flotation,derived,V5M_0502,manual,no,Actual TD dose from metering pump flow; added in V5 to close dose -> effect chain.
dose_DF_K6_s,flotation,derived,V5M_0503,manual,no,Actual K6/DF dose from pump flow. L_k6_s remains inventory sink unless starvation mode is enabled.
dose_naoh_kg_t_s,flotation,derived,V5M_0504,manual,no,Actual NaOH dose from pump flow.
dose_cao_kg_t_s,flotation,derived,V5M_0505,manual,no,Actual CaO dose from pump flow.
Q_feed_s,flotation,flow,V5M_0506,manual,no,Connect thickener underflow volumetric flow to the real flotation feed for each series.
M_feed_solid_s,flotation,flow,V5M_0507,manual,no,Connect thickener underflow solid flow to flotation reagent/load controllers.
M_feed_water_s,flotation,flow,V5M_0508,manual,no,Connect thickener underflow water flow to flotation feed stream.
C_s,flotation,derived,V5M_0509,manual,no,Series flotation feed concentration from the actual thickener underflow stream.
M_feed_j_s,flotation,flow,V5M_0510,manual,no,Component feed rate entering the first flotation cell from thickener underflow.
feed_grade_j_s,flotation,derived,V5M_0511,manual,no,Component grade of the actual flotation feed stream.
floatability_difficulty_s,flotation,derived,V5M_0512,manual,no,Series-specific difficult-floatability score used by reagent controllers.
selectivity_proxy_s,flotation,derived,V5M_0513,manual,no,Series-specific selectivity proxy used by K6 demand.
E_Ca2_sil_s,flotation,derived,V5M_0514,manual,no,Series-specific Ca2+ effect for silicate flotation kinetics.
E_Ca2_carb_s,flotation,derived,V5M_0515,manual,no,Series-specific Ca2+ effect for carbonate flotation kinetics.
"M_cell_solid_prev_{s,c}",flotation,state_reference,V5M_0516,manual,no,Total previous solid inventory inside flotation cell CSTR.
"feed_j_rate_{s,c}",flotation,flow,V5M_0517,manual,no,Resolved by flotation topology and explicitly consumes middling return pump outputs.
"entrainment_j_rate_{s,c}",flotation,flow,V5M_0518,manual,no,Mechanical entrainment rate from CSTR pulp discharge and slime/clay entrainment factor.
"rho_froth_mix_{s,c}",flotation,derived,V5M_0519,manual,no,Froth mixture density for Q_froth_cell conversion.
rho_solid_mix_feed,tower_mill,derived,V5M_0520,manual,no,Alias for tower mill feed solid density until component-specific feed density is expanded.
fx_s{s}_{c}_froth_h,dcs,dcs,V5M_0521,manual,no,Froth height DCS output with explicit fault injection edge.
lab_tm_overflow_tfe,lab,lab,V5M_0522,manual,no,Concrete instance of the lab sampling template for tower-mill overflow TFe.
lab_mag_mixed_conc_tfe,lab,lab,V5M_0523,manual,no,Concrete instance of the lab sampling template for magnetic mixed concentrate TFe.
